timestamp,user_id,action,search_query,donor_id,export_n_ids
1736686805,user_2,donor_view,,8f1b3d42-3047-400e-8948-8eb35da94ba7,
1736686821,user_23,donor_view,,e0650c0a-9800-4278-a6c0-c87e829d5af5,
1736686862,user_12,donor_view,,2ea7cf01-235d-4c91-bf51-13fbe0904baa,
1736686901,user_71,donor_view,,2f95adba-2dfd-455a-93e8-80e17fc54ac6,
1736686925,user_52,search,Donors in Seattle who care about mental health,,,
1736686963,user_8,donor_view,,a4f5e3d4-388f-4561-96ca-7f5afad92b48,
1736686991,user_65,search,Donors who give to nonprofits focused on animal welfare,,,
1736687025,user_71,donor_view,,94a872be-3adf-42f6-a1ea-1e70f8d3b7d2,
1736687046,user_71,search,Donors named Caitlin O'Malley,,,
1736687072,user_58,donor_view,,f09d92fb-9000-48bb-a8a7-114addaee2ee,
1736687093,user_2,donor_view,,0b5a9fbc-9fa9-4862-903b-fd2df2b0e581,
1736687112,user_15,export,,,38
1736687126,user_38,donor_view,,5c7baefe-d394-42a7-9839-8776458cdb41,
1736687155,user_19,search,Donors to CityBridge Foundation,,,
1736687183,user_59,donor_view,,9866d05d-11e1-4cf0-8d87-9db7ab7e4f4d,
1736687218,user_47,donor_view,,c5ae02f7-1a3f-4656-a53a-62f4276000a9,
1736687231,user_42,donor_view,,8c973088-d095-4acf-92da-7d83e8b17e74,
1736687275,user_5,donor_view,,7ee964ed-5cbc-448e-b0fe-632f1dec626b,
1736687301,user_71,donor_view,,7a275314-e1ed-4feb-9116-4ad6b163227a,
1736687333,user_47,search,Donors in Miami who care about cancer,,,
1736687352,user_34,donor_view,,f9b9e04a-e6f2-44ed-85ab-f3f0324ec7c4,
1736687384,user_100,donor_view,,c86885e2-1eb2-4a06-a0bc-cce4133187af,
1736687415,user_63,donor_view,,cda54d91-29f1-4c98-8411-c5da252c18a4,
1736687439,user_8,search,Donors who give to nonprofits focused on arts education,,,
1736687463,user_23,donor_view,,d3a5957b-6f04-4601-ac4e-186adb2fa525,
1736687497,user_8,donor_view,,fa0a5442-cff0-48c3-aaad-4cd665879b83,
1736687524,user_20,donor_view,,7aa2141f-d39b-4933-97ad-6e9ea32211d8,
1736687539,user_58,search,Donors in San Francisco who care about climate change,,,
1736687591,user_42,donor_view,,b0c4ffbb-466c-482c-b9f7-eebffd21c721,
1736687615,user_42,login,,,
1736687627,user_28,donor_view,,7ba6eb41-4d22-4a48-95aa-5595eaad02b1,
1736687652,user_8,search,Donors named Solomon Greene,,,
1736687676,user_15,donor_view,,b043ade6-5af7-4d91-9229-918b567e516a,
1736687721,user_23,donor_view,,e926ceb1-7ca0-4fd7-b047-fbe8f00c0a4e,
1736687757,user_47,donor_view,,b14432c6-b35b-4098-9be9-959381e2a4fe,
1736687790,user_71,logout,,,
1736687815,user_38,donor_view,,b670a91b-cd3a-45f4-ab5c-fb7e18bab7e8,
1736687832,user_11,search,Donors to American Childhood Society,,,
1736687871,user_5,export,,,16
1736687884,user_69,donor_view,,b3ecc604-8cf7-4dfa-b9be-778f0eb8f020,
1736687923,user_19,donor_view,,3c55eeb9-fd5c-49e1-a225-3f6aeca56e24,
1736687971,user_93,search,Donors in Pittsburgh who care about social justice,,,
1736687982,user_55,donor_view,,33e75b30-e064-4be7-85b4-c03fcadc492f,
1736688017,user_60,donor_view,,fd6c8cdb-92fe-4b6e-8270-726b90ea8c84,
1736688028,user_58,donor_view,,0c628ad9-f31a-4470-add1-f47ea4a6651b,
1736688058,user_13,donor_view,,03e291b2-d0e9-437b-b0dc-11ebfa771e50,
1736688074,user_71,search,Donors named Larry Daniels,,,
1736688099,user_78,donor_view,,d4cfc2c5-56e8-420d-b954-eaab7ec62e2a,
1736688126,user_78,donor_view,,9333b6c5-db0f-4a14-800f-ef9ca15f4254,
1736688161,user_23,donor_view,,dbb28007-56c6-40f1-bae6-800df726c3d1,
1736688207,user_26,export,,,72
1736688225,user_8,donor_view,,22476df2-3c09-4d2c-8920-9095cf431823,
1736688248,user_12,donor_view,,a3b84960-b119-4425-ae2b-63fc6756f9ad,
1736688263,user_15,search,Donors who give to nonprofits focused on women's health,,,
1736688301,user_52,donor_view,,df6d25eb-2c35-4d0d-91c2-2d9d544ff33e,
1736688322,user_47,donor_view,,1e167ff5-713d-4f30-9686-4c24375b05c6,
1736688366,user_58,login,,,
1736688374,user_71,donor_view,,3d744d80-478e-4072-991d-3ab84c59fd01,
1736688396,user_3,donor_view,,e54a433d-07f8-40bf-9026-7c906c8687c6,
1736688418,user_12,search,Donors to River Rescue Group,,,
1736688429,user_71,donor_view,,53850c43-71ed-4231-b035-0b50afe46ce5,
1736688455,user_38,donor_view,,b8773f5a-4f36-4a2f-9f68-556d4cf1e5f5,
1736688477,user_52,search,Donors in Dallas who care about affordable housing,,,
1736688501,user_2,donor_view,,b511ab0a-3326-4f78-ae12-0f2efb7d4a72,
1736688528,user_46,donor_view,,c673f016-9ea8-4f9e-95d7-d4836bfd0392,
1736688557,user_32,donor_view,,26b945cb-f8b6-4da0-b243-8cbe7c9d3017,
1736688571,user_12,search,Donors who give to nonprofits focused on the arts,,,
1736688592,user_53,donor_view,,869160e0-812a-4e63-aa63-3d3b60a5b186,
1736688605,user_84,donor_view,,7a19e4af-7c73-47ed-a4d7-8955a3eabe91,
1736688619,user_13,logout,,,
1736688655,user_15,donor_view,,2e32b5b2-cec0-401e-9dde-0996f66e2a49,
1736688687,user_65,donor_view,,cca974fc-5fed-464c-b7e4-8ccdb96b5f62,
1736688710,user_97,donor_view,,b141e2f3-71cb-4396-b8f6-02e73f93d3ba,
1736688736,user_2,search,Donors in Boston who care about education equity,,,
1736688761,user_42,search,Donors in Nashville who care about animal rescue,,,
1736688776,user_54,donor_view,,b7e4352b-2886-424c-ba70-dfaba67f5c8f,
1736688797,user_23,donor_view,,b9224dd3-b7c3-4106-9b63-2cafdb79e3ae,
1736688826,user_17,export,,,13
1736688848,user_60,donor_view,,97ac128d-c1d8-4b92-ae8a-ebeb0ddc747c,
1736688867,user_89,donor_view,,5c0daacc-0fcb-4928-b89b-efc3ba694bb6,
1736688901,user_13,search,Donors to Adopt a School Foundation,,,
1736688928,user_71,donor_view,,3eb2bf41-ec15-4d06-8f5a-a0dc43710af0,
1736688948,user_65,donor_view,,cfed46e4-4b42-4e70-8b2a-e2a9fd5cca75,
1736688986,user_73,donor_view,,b11abe76-f949-414a-aba2-35886cd6bf13,
1736689003,user_90,search,Donors named Emilio Santos,,,
1736689029,user_19,donor_view,,c81eac34-1f49-4698-9219-95e80d2e2f8b,
1736689043,user_47,donor_view,,cc02c2de-d589-4a55-8d44-4e3caa4857d4,
1736689069,user_64,donor_view,,045c14ad-fd0f-4926-8aba-1e599589c3f2,
1736689100,user_65,export,,,25
1736689128,user_23,donor_view,,e239b7ba-1516-49e2-8ba6-e4385a939b49,
1736689141,user_38,search,Donors in Atlanta who care about criminal justice reform,,,
1736689195,user_71,donor_view,,f43e0f39-616c-4089-83ae-43b790e8cd82,
1736689227,user_23,donor_view,,9993b9ee-d4a8-4fb5-9185-cdaedf5b0fd3,
1736689263,user_5,login,,,
1736689293,user_5,donor_view,,6ea2c1f2-493a-4837-b058-498bb3b6d792,
1736689316,user_16,donor_view,,9712cd70-e563-46ab-943a-97748ca7e53d,
1736689339,user_28,donor_view,,d0fda1da-3e59-4056-ae2a-e13d3243e8eb,
1736689365,user_19,donor_view,,512098f3-6427-4287-bc91-f609c7a328ea,
1736689386,user_78,donor_view,,173c30a1-0840-4c09-bbaa-5158f5bdad93,
1736689403,user_23,search,Donors to Golden Dreams Foundation,,,
1736689420,user_52,donor_view,,93c3f9e8-7d41-4d6f-943c-c65528e43562,
1736689454,user_12,donor_view,,09b13059-aa60-4a3a-93de-d7052e789403,
1736689482,user_42,search,Donors named Joanne McBride,,,
1736689505,user_58,donor_view,,120d7fa9-3fe2-4d68-a466-124f04e6ab80,
1736689544,user_10,donor_view,,fbd38854-2a1a-4607-984b-520af0f37cea,
1736689557,user_12,donor_view,,e6e424bb-f40d-424f-b39e-5f949a09a0da,
1736689580,user_38,donor_view,,9804946b-335e-44f3-9a2f-1fac8b2c0faf,
1736689599,user_21,donor_view,,5d307e6c-0551-487c-928e-d849cc163a44,
1736689624,user_19,search,Donors in Minneapolis who care about LGBTQ+ rights,,,
1736689635,user_13,donor_view,,b48f88de-cde8-4f6e-bc44-b55e6ef1acf9,
1736689657,user_28,export,,,61
1736689674,user_8,donor_view,,bfea38e4-e05e-43af-8a29-b6065f98de7a,
1736689699,user_71,donor_view,,559e7986-6a20-4e7c-b422-54c3debfa0c4,
1736689726,user_71,donor_view,,13e7f4b4-c2f4-43dd-bdbc-726556674e67,
1736689741,user_18,search,Donors to Mountain Conservation Network,,,
1736689767,user_43,donor_view,,b0194ea0-5b76-46fd-979e-92351f97c73f,
1736689789,user_60,donor_view,,51a5fa38-eb75-4be7-9cac-ffa21f6c1bd2,
1736689815,user_47,donor_view,,22eb1b67-fae8-4d43-900c-bfad1084af2f,
1736689836,user_31,search,Donors in Charlotte who care about homelessness,,,
1736689863,user_47,donor_view,,18a896fc-cae7-4e31-b80f-2db3be0ceff5,
1736689878,user_58,donor_view,,5f9a063e-ae8e-4493-8be8-9433e4ac0a72,
1736689890,user_71,search,Donors named Raj Patel,,,
1736689932,user_60,donor_view,,07e123e1-24e7-4f35-8ef3-2c5f846297fc,
1736689958,user_34,donor_view,,7ede19c7-2c37-45c7-b3b2-e984a6353ce8,
1736689981,user_5,login,,,
1736690007,user_71,donor_view,,3fa24e58-498e-48c8-bfad-ea983ed6f6fd,
1736690024,user_38,donor_view,,a94f6fd8-441a-4e58-9da2-3089263f7aa7,
1736690051,user_78,donor_view,,bca6bfab-c2e1-4702-91b8-94cea788a7df,
1736690072,user_65,logout,,,
1736690095,user_65,search,Donors in Denver who care about infection disease,,,
1736690127,user_15,donor_view,,a390a60a-b267-437c-82a1-6819b907d292,
1736690137,user_8,donor_view,,be00821d-17c5-4840-8e04-2d786bc54f4a,
1736690167,user_23,donor_view,,ec2fa800-c05c-4209-9810-af5abf32b076,
1736690215,user_78,donor_view,,8ee6f8ed-b83c-49c1-8522-0a577e186368,
1736690241,user_85,donor_view,,406eafbd-30c7-4dec-8f63-9c9ae5096e82,
1736690287,user_8,search,Donors to Clean Energy for Cities,,,
1736690319,user_78,export,,,40
1736690338,user_38,donor_view,,4e96a8c0-4fa8-4052-b390-cf164c0a2cc9,
1736690355,user_37,donor_view,,9510ea4f-7c6a-4271-8925-15323e2417e8,
1736690373,user_38,donor_view,,13b111d5-91d5-47ec-9687-a67191537cf6,
1736690391,user_47,search,Donors who give to nonprofits focused on immigration,,,
1736690419,user_34,donor_view,,ec7ab451-e14d-436c-aed5-92ffcc656790,
1736690444,user_8,donor_view,,d3c1f013-2093-485b-b1b2-0081bb9d9d47,
1736690479,user_85,donor_view,,5aa5e875-3f24-4e76-8b71-5154ffb92c3e,
1736690491,user_20,donor_view,,5329bc70-c797-40c6-906c-7c5c5e907d02,
1736690513,user_19,donor_view,,8afdde62-c8e0-4c06-9d4c-49903e49770c,
1736690541,user_13,search,Donors in Portland who care about refugee support,,,
1736690568,user_14,donor_view,,7c7f2d39-99b9-48c8-bf7e-6a04ab9935db,
1736690589,user_64,login,,,
1736690626,user_58,donor_view,,a9bc3ea3-617b-4fdf-9c54-db0e696b38a1,
1736690665,user_53,donor_view,,3bd1e327-e635-4993-9a6f-a831acc96b5c,
1736690688,user_65,search,Donors to Big Brothers Big Sisters,,,
1736690709,user_71,donor_view,,b3e85b6f-c382-46a0-9fab-b02b5b31ecd2,
1736690734,user_12,donor_view,,e126daab-be9e-4333-b5b7-06c388ad701b,
1736690782,user_26,donor_view,,5a6e1327-40ab-448d-ac7b-4e3fbbfa7b62,
1736690801,user_12,donor_view,,ae27f45c-e516-4f17-b7ad-f99f74f0dee3,
1736690819,user_13,donor_view,,50b015d3-f690-46a9-8c88-6c6e699fe9cf,
1736690846,user_85,search,Donors who give to nonprofits focused on food security,,,
1736690868,user_38,donor_view,,1db15ec2-ff10-4273-8726-30399542dbec,
1736690899,user_28,donor_view,,099f9a5c-5088-48ae-90b5-b305e39b1809,
1736690933,user_28,donor_view,,42ba013c-0955-4f27-8db4-33cea7e2fc16,
1736690946,user_10,search,Donors in Cleveland who care about rare diseases,,,
1736690961,user_52,donor_view,,1dc8a177-99d1-4064-8dd7-7e9d2c132e01,
1736690995,user_9,donor_view,,1c272e03-c70b-4ac0-8304-8b9479e20c17,
1736691017,user_13,donor_view,,bb1d52de-191b-432b-bfcf-79cc6a17b942,
1736691041,user_28,logout,,,
1736691068,user_58,donor_view,,63f06ad9-4f78-4022-9aed-8ca6f6e18971,
1736691084,user_52,donor_view,,90be5e2a-83da-4d58-bc7c-3eb6939ee652,
1736691116,user_12,search,Donors to Hope for Tomorrow Foundation,,,
1736691157,user_13,donor_view,,d91a120c-c486-4187-bc6d-9711ba3eb94b,
1736691171,user_42,export,,,9
1736691204,user_13,donor_view,,a063673a-9bd1-45da-b395-b39e1ca0cad3,
1736691239,user_5,donor_view,,43da23a3-dbda-4145-8a42-8328663509bf,
1736691251,user_5,donor_view,,547c8565-265e-4273-b277-555cd8f878ee,
1736691277,user_37,search,Donors who give to nonprofits focused on indigenous rights,,,
1736691293,user_12,donor_view,,d588173a-c27a-406e-b7ea-a77ab25f813b,
1736691311,user_71,donor_view,,8e599526-1520-464a-b692-3d5520c5d78c,
1736691329,user_70,donor_view,,8ce08c56-c894-42a5-92cd-c91fa94b485a,
1736691341,user_29,donor_view,,2e443187-0335-4f42-a142-e7a20dc8e4ab,
1736691363,user_43,donor_view,,a4b6cf7d-415a-489e-bf93-d6971f140929,
1736691403,user_32,search,Donors in Phoenix who care about immigrant rights,,,
1736691429,user_6,donor_view,,0f33d398-c2f4-4060-8e09-c7607ff4f93c,
1736691456,user_38,donor_view,,97186e4c-aba7-470c-bd6a-64cdea1b92ee,
1736691501,user_52,donor_view,,a3ea2a95-ad9e-4207-8c3c-c94466d46029,
1736691522,user_44,donor_view,,b38dfa67-94ea-457e-95e1-2b3eb50210f6,
1736691541,user_12,donor_view,,eeb9e1ba-ac7c-4f35-bbd5-0042ea76fbc7,
1736691557,user_5,search,Donors to Books Through Bars,,,
1736691572,user_40,donor_view,,4b2f9224-93f9-4da3-96b3-53c25ec9f8f5,
1736691603,user_58,donor_view,,c991b259-aaa0-4b52-a8e3-52ae9b338730,
1736691632,user_23,login,,,
1736691644,user_19,donor_view,,b7ea1566-0b77-405c-8c73-8f8628a200a4,
1736691657,user_28,donor_view,,e52424df-4a90-421a-a3a2-bc9daf60ff01,
1736691678,user_49,search,Donors named Althea Jimenez,,,
1736691691,user_65,donor_view,,12ad379a-272b-428a-af5f-467e646e52bd,
1736691729,user_71,donor_view,,54d0e271-692e-4c4e-9f18-a0b53422e08d,
1736691747,user_2,donor_view,,2b07113b-f896-4ccc-8228-633a15dbe3aa,
1736691781,user_28,donor_view,,d89e3618-49d2-43c2-90b8-88b5a2080d19,
1736691799,user_28,donor_view,,d88d2634-eb9e-4be1-9828-462fa0b14fcf,
1736691838,user_85,donor_view,,a2f1f6a2-69e7-4d35-9d5e-fa47c3c5f9bb,
1736691862,user_38,search,Donors in Austin who care about renewable energy,,,
1736691876,user_65,export,,,7
1736691899,user_78,donor_view,,27126d16-0d97-48e4-9c69-564bb6bf4daa,
1736691918,user_5,donor_view,,bfb8680d-ccc4-4992-8c8b-ea2c356105fd,
1736691942,user_2,donor_view,,c789e73c-2ea3-420d-9634-0ab526ad13dc,
1736691960,user_71,search,Donors to Bridge to Equality,,,
1736691975,user_19,donor_view,,1d64ba15-84d9-4373-8c99-9adf4a1a4a79,
1736691995,user_8,donor_view,,8b005d35-0a6d-4fa0-9795-3a00cb789c90,
1736692037,user_57,donor_view,,8290c627-c90a-48c0-ac65-2efc8c8bef93,
1736692065,user_12,search,Donors in Sacramento who care about cancer,,,
1736692081,user_34,donor_view,,78b64e7f-b4fe-41b7-9f16-b333d7e84b5f,
1736692114,user_52,donor_view,,0c10c13a-193c-4e74-8fab-b91da16c604c,
1736692134,user_34,search,Donors named Alexandra Cabrera,,,
1736692149,user_19,donor_view,,e046f613-9f6e-4c53-962f-2fa583a6e403,
1736692172,user_47,donor_view,,1b11bec5-41fe-4058-90d6-6bfcb9a49d1b,
1736692203,user_15,donor_view,,dce6bcc3-2198-439a-b617-e7ef4432d61f,
1736692227,user_34,donor_view,,683ea39a-215e-40a2-8587-15b982cc725e,
1736692244,user_2,search,Donors in Columbus who care about affordable housing,,,
1736692259,user_19,donor_view,,93a9f0af-1b69-494d-aca6-1d935f453053,
1736692285,user_78,donor_view,,1ad72e60-7b8a-4b8e-b7ac-e3361abce880,
1736692299,user_38,login,,,
1736692328,user_58,donor_view,,27046047-c06e-4214-bdca-c2d568f5401c,
1736692359,user_65,donor_view,,0c42e85f-2e28-440b-914e-2bcf9ba5764c,
1736692372,user_15,search,Donors in New Orleans who care about hurricane relief,,,
1736692392,user_34,donor_view,,98f53284-8df0-4ad3-9974-805e685c1bbd,
1736692407,user_85,donor_view,,f7990916-8d9c-4191-b52b-00646d2c8d35,
1736692434,user_23,donor_view,,1641fad4-2c95-4202-b22d-bb935b72b29f,
1736692447,user_23,export,,,35
1736692471,user_27,donor_view,,abacc1e3-55e0-4729-87dd-220f340ab29b,
1736692492,user_23,search,Donors named Lucy Townsend,,,
1736692518,user_99,donor_view,,835f82d3-d5a9-454d-bb95-5379e0b451d7,
1736692542,user_16,donor_view,,0a345a0d-5328-4604-b546-17a54689303c,
1736692564,user_78,donor_view,,25924b9d-62c6-4e42-b12d-c28480a060de,
1736692579,user_47,donor_view,,73606265-1b29-444b-b343-6b13c0eb0122,
1736692595,user_23,donor_view,,f17deac2-77fa-4b4f-9a5b-c249c3ff851c,
1736692614,user_2,search,Donors to Bay Area Youth Initiative,,,
1736692639,user_21,donor_view,,e0c3bc36-4bf1-4383-b6f8-28e8ce28a629,
1736692683,user_23,donor_view,,06e34e1c-e1d4-4777-b77d-89220644423e,
1736692704,user_65,donor_view,,fb209941-f517-4edb-930f-4e0c2da5717f,
1736692727,user_71,search,Donors in Las Vegas who care about senior care,,,
1736692750,user_12,donor_view,,347031ec-087e-4897-bdf7-3bda8a8dd83b,
1736692769,user_58,donor_view,,ab99e7c0-bf46-40b7-bfe7-c7c1ca124f6e,
1736692789,user_71,donor_view,,a8a79d32-2a89-49ff-9c2f-dd749136bfc9,
1736692808,user_58,donor_view,,928e6b97-4a59-4989-836e-041691fb538b,
1736692825,user_65,donor_view,,cdd71d71-e969-41ea-acd7-1cac425feb8f,
1736692852,user_71,login,,,
1736692876,user_15,donor_view,,05ef5cbe-aa01-4a7b-8454-ea33607c25d9,
1736692893,user_60,search,Donors who give to nonprofits focused on public health,,,
1736692911,user_23,donor_view,,e0d1be4e-b9a0-4f5b-811a-735175794539,
1736692937,user_49,donor_view,,74ba3e6a-9775-4680-977e-ccf363aec25d,
1736692968,user_65,search,Donors in Tulsa who care about environmental justice,,,
1736692999,user_23,donor_view,,08478b7d-9230-45e1-b7b5-e0e202148492,
1736693030,user_8,donor_view,,e78a94e0-c7f7-4fb3-b0e9-647c7b522461,
1736693044,user_23,donor_view,,11a6e469-52a2-4c89-b323-739c039572df,
1736693065,user_38,donor_view,,648dea23-2a43-419b-8bfc-d9044dfedc5c,
1736693086,user_17,search,Donors named Linh Bui,,,
1736693115,user_23,donor_view,,3a58a5fd-c781-429c-82e5-89ec37b8d589,
1736693143,user_13,donor_view,,677cabcb-6fd4-472a-a72e-43003d59feec,
1736693164,user_8,export,,,65
1736693188,user_38,donor_view,,351f66a6-85c2-4576-b5d3-1d63b585ca04,
1736693229,user_52,donor_view,,8a7aaff3-3e85-401f-8e1e-3ffa42b10b39,
1736693254,user_52,donor_view,,60c60a02-bbbe-4680-b6f7-480a6f1d9f25,
1736693294,user_78,search,Donors to Ocean Recovery Network,,,
1736693316,user_4,donor_view,,6a47b87c-4656-40e5-b1dc-c3e22a6f56ce,
1736693334,user_94,donor_view,,a3d2e3be-5adc-4dbe-b55e-79fd256eec96,
1736693346,user_2,donor_view,,51f872bd-ec0a-4776-bbcc-d617500a5331,
1736693369,user_53,donor_view,,ebd1ce58-ea09-4c96-95e6-58281a7f4b87,
1736693404,user_52,search,Donors who give to nonprofits focused on mental health,,,
1736693427,user_71,donor_view,,6d18a54c-b3c5-46a2-b52a-54a8141a5a02,
1736693448,user_23,logout,,,
1736693460,user_28,donor_view,,7e22c2cd-1497-462c-85ba-c94a6eeda1e3,
1736693485,user_2,donor_view,,e838816a-b84a-4dfb-9772-80d318b7b463,
1736693506,user_47,donor_view,,27228253-a224-44eb-819c-07dfa9d206d3,
1736693529,user_58,donor_view,,8ded5660-b217-463d-8843-cd98915b2a62,
1736693550,user_100,donor_view,,99b03d3e-46ef-456c-b355-8f1a0e2d8c83,
1736693576,user_47,search,Donors in Detroit who care about criminal justice reform,,,
1736693597,user_2,donor_view,,f9d12936-f58b-4f20-8079-ae09cdbdbf0f,
1736693629,user_52,donor_view,,5c43acf2-b40b-4cc4-bc3d-68b53198f62d,
1736693634,user_58,donor_view,,e33b5b88-c275-45a8-bb84-a326413ee384,
1736693652,user_28,search,Donors to Project Green Thumb,,,
1736693693,user_19,donor_view,,f7797ad3-0c06-4962-b2bb-c2ee898176aa,
1736693705,user_38,donor_view,,fc69a703-be66-40f4-8bb4-55fbcd62eab2,
1736693731,user_47,donor_view,,8eed6318-9ffc-488f-9326-9cd2c86826fb,
1736693754,user_52,donor_view,,abeaa227-c426-40ca-adde-36ca647697c3,
1736693775,user_8,donor_view,,faed7597-1a5e-4b77-9990-5d1e9fda0380,
1736693798,user_71,search,Donors in Milwaukee who care about food security,,,
1736693822,user_42,donor_view,,9afb206c-cf06-4bfb-b06a-33aa0899bc6c,
1736693846,user_8,donor_view,,b5ba4013-d0ea-40c1-8047-09807e84ab78,
1736693874,user_5,export,,,29
1736693893,user_23,donor_view,,fab975d5-13a1-4f85-8cd1-92a1c9299916,
1736693919,user_2,donor_view,,ebb8b16b-6f12-45ea-b4e1-528458cb5b52,
1736693940,user_23,donor_view,,9167b80b-c779-46e6-9f39-2b67be82f32c,
1736693959,user_12,search,Donors named Rashad Williams,,,
1736693980,user_19,donor_view,,f420e5ea-65e2-453c-9ae3-1170760041fd,
1736694004,user_28,donor_view,,8f025376-f2cb-4e66-90e5-54ac24107de6,
1736694028,user_15,donor_view,,df7b46be-0efc-4563-9a45-bc2ebacfadaf,
1736694057,user_12,donor_view,,b5c9f246-b70b-48cf-9144-175023a92d38,
1736694074,user_15,search,Donors to East Bay Artists Collective,,,
1736694095,user_21,donor_view,,d98fdb9d-2513-437b-89f6-cf2949d27030,
1736694117,user_34,donor_view,,ce605e22-443a-4fd4-a3be-d239fa272bb7,
1736694135,user_47,donor_view,,da7e7c21-5753-40ab-b690-73433bcb819f,
1736694154,user_19,search,Donors who give to nonprofits focused on wildfire recovery,,,
1736694188,user_23,donor_view,,14431846-dcb9-452a-b44e-a4880496a9a7,
1736694212,user_34,donor_view,,d75a3f2d-093b-441a-b169-bdb329617fa5,
1736694241,user_97,donor_view,,3f548b8b-535b-44d8-8b96-62ae2a3089e4,
1736694266,user_93,donor_view,,07f1560e-d48b-4a1b-ba10-23ae9391959e,
1736694286,user_42,search,Donors in Houston who care about child hunger,,,
1736694323,user_42,donor_view,,6826dee6-a6e4-43aa-ab25-0045652a771a,
1736694354,user_38,donor_view,,8d7b83a1-7468-4bd8-81ea-d4fe79eb15c0,
1736694381,user_52,donor_view,,8034a2d9-45b8-4892-ad25-d3c9c58d50be,
1736694427,user_21,donor_view,,a6b2fbc7-068d-4eab-9455-7d4682c8ccea,
1736694464,user_42,donor_view,,ecb2da06-c158-4860-bd6a-7f988564e857,
1736694491,user_58,donor_view,,7f5a4ad4-518e-436b-a583-b78f94464319,
1736694519,user_52,search,Donors who give to nonprofits focused on aging,,,
1736694546,user_65,donor_view,,fac1e9cf-7bc2-4276-933f-18e1ecfd45cd,
1736694574,user_48,donor_view,,c6cb77ec-87c3-4d61-ab97-806a6f028870,
1736694601,user_71,donor_view,,e3ce54cf-12b1-44f1-9a0b-90e937d994fd,
1736694623,user_58,search,Donors in Baltimore who care about maternal health,,,
1736694659,user_78,logout,,,
1736694684,user_23,donor_view,,908be4b5-69e4-49d0-9af6-fd6bed87be91,
1736694706,user_18,donor_view,,4a8ec7d0-72b8-446c-9a17-3732dc7a1b17,
1736694725,user_58,donor_view,,b834d4f2-8117-4c04-8857-210333ebb5e3,
1736694759,user_58,donor_view,,64ba3a70-98e0-402d-9800-d90707128052,
1736694806,user_47,export,,,23
1736694834,user_60,donor_view,,4b99ac6e-5bb0-4aaa-b338-b533aa9e2589,
1736694851,user_33,donor_view,,42f89fa6-8e4c-4573-a3d7-0f7566ed8bb7,
1736694869,user_42,donor_view,,b33bc09b-99a4-44a1-8f0c-072da748da33,
1736694886,user_38,donor_view,,0ffc358b-7552-4c5e-85a4-0e7e4e9a2314,
1736694904,user_85,search,Donors to Cornerstone Voices,,,
1736694937,user_28,donor_view,,a95189b2-da18-4cb4-82e8-5dbb962349ec,
1736694969,user_65,donor_view,,ca35a899-ad80-4bd2-9bed-30e00eb7d6aa,
1736694984,user_17,login,,,
1736694998,user_52,donor_view,,304de0e9-7009-4191-b524-2a55e6d99355,
1736695031,user_23,donor_view,,7feb9bac-87f2-4f11-842b-93d5c327adaf,
1736695057,user_60,donor_view,,76a6de6c-1de9-445d-b779-c8c99680b582,
1736695083,user_2,search,Donors named Hannah Maguire,,,
1736695109,user_23,donor_view,,a18e03b5-c147-44fd-9978-20e2b365fe07,
1736695134,user_23,donor_view,,ad11ef16-c9a9-4e27-84c4-a027007983e4,
1736695162,user_78,donor_view,,137bdd99-3f43-4a40-8386-9bbc7c34ba41,
1736695189,user_71,donor_view,,1ef4cbd9-e976-4b1b-b8b5-1cb18bf4613c,
1736695213,user_52,donor_view,,7c4485bd-ad7c-4b3e-bac6-772b1ac428db,
1736695239,user_91,donor_view,,56a66d7f-5828-4e62-af0a-f7a45983490d,
1736695261,user_58,search,Donors in Spokane who care about suicide prevention,,,
1736695273,user_28,donor_view,,ca384d1d-1781-4632-b8b0-21b0193e6262,
1736695301,user_19,donor_view,,cbb8589d-7756-4a91-9104-95c51e989983,
1736695340,user_71,donor_view,,53d3ff75-e636-45e1-a494-334eaf8777fc,
1736695372,user_33,donor_view,,3c535142-6367-4211-9347-29f9b7c66ca2,
1736695398,user_60,export,,,28
1736695419,user_78,donor_view,,9867b2ba-1c2c-41f1-8773-b121cf644f10,
1736695447,user_88,donor_view,,2153c5e2-5fdd-4f81-b7a7-3a9453b068b0,
1736695471,user_12,donor_view,,8705f543-fd29-4788-bc31-5c9bb0a007dc,
1736695509,user_51,donor_view,,e5f082a5-fe2a-45b5-9de2-d06792c6d3e5,
1736695517,user_15,donor_view,,742c286a-d2ba-4081-a9ba-0504e3d43a01,
1736695534,user_71,donor_view,,7a8b7df7-27cc-418e-903e-0ba63cbe05ab,
1736695549,user_5,search,Donors named Greg Tiberi,,,
1736695581,user_91,donor_view,,b6a6e029-e35b-49ab-9934-87e5786e43a9,
1736695596,user_13,donor_view,,da843bf5-7c3a-45e9-832d-86f463aeb623,
1736695634,user_60,donor_view,,ba5c9f19-bd86-4197-bcd2-1ae7ae1b7d4e,
1736695651,user_2,login,,,
1736695669,user_60,donor_view,,53033b17-69cb-4b4e-82e4-b6b8dfae7da9,
1736695688,user_38,donor_view,,019fa2ca-4f93-439c-8c47-427550b97ba7,
1736695724,user_5,search,Donors who give to nonprofits focused on racial justice,,,
1736695757,user_60,donor_view,,c98fa702-1e3b-49a9-b6c1-53f588a9dff2,
1736695794,user_8,donor_view,,1352b3fe-daea-4b09-8178-4436b86262b6,
1736695822,user_8,donor_view,,c27c7a4a-9ef1-4d3b-acb2-206af70fcbbf,
1736695848,user_5,donor_view,,524cf63d-f023-4636-b0d7-595abe65aed2,
1736695861,user_78,search,Donors to Urban Youth Venture,,,
1736695883,user_17,donor_view,,db0c5a9d-bdbc-4457-86c9-0f9df5e9f3a7,
1736695901,user_24,export,,,99
1736695930,user_52,donor_view,,b636d099-0880-498d-8e2b-ba48af4c8187,
1736695942,user_85,donor_view,,635f0303-da77-4267-8cc7-1e67a9ec1d4c,
1736695979,user_65,donor_view,,e05cd9e9-d033-4a0b-81a3-c82e6cf7a41b,
1736696006,user_58,search,Donors in Louisville who care about veterans,,,
1736696033,user_78,donor_view,,fdf9963f-0b23-4927-9be5-7cfa44e784e2,
1736696068,user_54,donor_view,,38ca504f-44c1-4f49-a1e7-f987e2fb948d,
1736696084,user_5,donor_view,,b96d1440-1c0c-42e5-ab61-4231a8e24dda,
1736696113,user_12,donor_view,,e2602e39-7ae2-484c-af71-b982f4bcd933,
1736696136,user_37,donor_view,,ba1cc894-8545-4463-8cac-cd3b8f874bf7,
1736696176,user_28,donor_view,,973ad111-0f68-412f-81c3-953d0eac9ea6,
1736696202,user_15,donor_view,,43344a3f-35cf-47e0-9996-19163a5ca68c,
1736696215,user_71,search,Donors named Sara Al-Khalil,,,
1736696242,user_2,donor_view,,681f2d31-2257-4474-893d-b2890792d261,
1736696265,user_85,donor_view,,6477750a-0aad-41a8-82bb-0cf7a8000033,
1736696288,user_5,donor_view,,662b0a43-3278-4e2b-be53-6c3b27b1bfd7,
1736696316,user_34,login,,,
1736696357,user_58,donor_view,,85d8df4b-3bc8-445c-bcbb-b2b2743ddce5,
1736696381,user_23,donor_view,,f8e7b6b2-c588-488e-9944-8fa6aa13672e,
1736696399,user_96,search,Donors to Idaho Women's Collective,,,
1736696417,user_19,donor_view,,5dfc3318-5ede-4037-9c06-ec248e06b4fb,
1736696462,user_71,donor_view,,a82cea18-e4c3-4885-bd9e-bb15aa3ab4a4,
1736696481,user_13,donor_view,,c9cfff99-4bd7-4204-9e9d-ebe7be2dabeb,
1736696507,user_27,donor_view,,567b5d99-218a-45a2-9f75-7c39c7b5977a,
1736696534,user_15,search,Donors who give to nonprofits focused on youth employment,,,
1736696544,user_85,donor_view,,ba639182-cb7d-4b36-8aac-cea987a0f475,
1736696561,user_78,donor_view,,b336580d-0e2d-44ac-90b5-1aeeb89cdfde,
1736696575,user_75,export,,,48
1736696588,user_34,donor_view,,e75811d1-dfd2-49d6-b044-1e1d9aa43065,
1736696617,user_28,donor_view,,62793369-7293-45ba-bbc4-d462f386f591,
1736696645,user_60,donor_view,,c2712ba8-7ddb-4048-8633-9c5ffc655323,
1736696662,user_85,search,Donors named Takashi Tanaka,,,
1736696686,user_52,donor_view,,6f2b6b90-8801-4627-ae52-140e773a0139,
1736696709,user_85,donor_view,,301b2ef5-64ef-4984-a646-dfdedb39627c,
1736696734,user_8,donor_view,,d2d4e47e-04dc-42b9-8c40-d2a64bdbfd41,
1736696771,user_78,donor_view,,0b6b7b21-84e5-4fd6-83a7-da1e7d7e0129,
1736696786,user_2,search,Donors in Reno who care about mental health,,,
1736696804,user_48,donor_view,,ef8d4faa-11c1-4f30-96c5-c6d6e899b7bb,
1736696824,user_15,donor_view,,cac80f2e-391e-4d5c-81f5-05cf7f730e49,
1736696839,user_58,donor_view,,1867de25-fd6f-497c-a87b-f4625a1e54cc,
1736696854,user_33,donor_view,,a486e983-c11e-4a36-9e89-b5a80d7dff6a,
1736696879,user_74,export,,,32
1736696899,user_60,donor_view,,7cd4c5d3-9e08-4be1-a4b9-2e10aba9783c,
1736696924,user_80,donor_view,,2ac2263a-d526-41fd-9a29-2bda605f14e3,
1736696951,user_38,donor_view,,1e61dce2-cd61-45fa-9e98-40b443a28c24,
1736696968,user_12,donor_view,,19b59fd9-f6c6-4ec5-893e-1667ca3bb7d7,
1736696983,user_57,search,Donors to Urban Foster Youth Alliance,,,
1736697006,user_60,donor_view,,4d83f778-df3f-4ebd-bf44-622dcfabfa8a,
1736697028,user_47,donor_view,,a8c671a5-afa7-4b81-8ec5-991c833a8aab,
1736697055,user_91,donor_view,,9804b686-d7a8-4b05-977d-007bb80d21f6,
1736697074,user_8,donor_view,,424556f1-23c6-444f-8c5f-c73e61b183ec,
1736697103,user_38,search,Donors in Tampa who care about autism,,,
1736697133,user_47,donor_view,,abc471fb-b790-43ad-8e22-c0bb4f2f67d1,
1736697161,user_1,donor_view,,a0fcb4a4-4671-42b6-94f7-c7929d590d76,
1736697182,user_71,donor_view,,9f0d98f8-560f-4435-a083-98e426457734,
1736697198,user_5,search,Donors named Joan Beltr√°n,,,
1736697212,user_42,donor_view,,1ea2db95-977d-4faf-a896-24916411fa31,
1736697225,user_60,logout,,,
1736697252,user_5,donor_view,,d97144ee-93f3-4bb9-ae1c-991baef9bc1f,
1736697287,user_71,donor_view,,4021a810-560a-44b9-ab00-c14e06879b25,
1736697316,user_34,search,Donors who give to nonprofits focused on housing security,,,
1736697343,user_60,donor_view,,dbff1328-e45a-4e95-859c-1d3f23259886,
1736697367,user_85,donor_view,,4bf0afcd-8aa9-4657-bf38-dd175970e03a,
1736697397,user_15,donor_view,,d156c7b5-f70c-42bd-82eb-59eca70ee71f,
1736697413,user_2,donor_view,,ef3d8f9f-67e7-40c3-986b-93c1d21d5b60,
1736697431,user_8,donor_view,,399c5ff8-3181-4492-a7fb-9fd221b5d469,
1736697453,user_12,search,Donors in St. Paul who care about food access,,,
1736697484,user_12,donor_view,,fd442f68-a8c6-43a2-ab61-09b90244576e,
1736697507,user_13,donor_view,,bf2b41d4-2ee6-44d4-b064-990fc5bcb989,
1736697532,user_34,donor_view,,2a9a3d20-aebc-40ba-acf4-0ca31d70183a,
1736697553,user_28,export,,,81
1736697574,user_60,donor_view,,b2ae21b0-acff-417c-8d77-4c008a1a7cab,
1736697601,user_44,donor_view,,3aea0b1e-db94-4412-94c3-a8cae1151031,
1736697618,user_13,login,,,
1736697643,user_85,donor_view,,f33e9087-cd6b-4585-a0a9-70908a8fc070,
1736697661,user_13,search,Donors named Esme Quintero,,,
1736697699,user_49,donor_view,,90f05e6a-f2be-4185-81e5-7c1c4a12069e,
1736697718,user_52,donor_view,,1e002370-4ce9-4770-9ee2-2cd63fd5fb0c,
1736697742,user_65,donor_view,,637b4e47-2ba4-4eec-926e-160e66bca1c1,
1736697773,user_2,donor_view,,1201f95b-badf-4c21-bbb9-eb6c44ac27b2,
1736697798,user_34,donor_view,,aaa1cc54-1c3d-4954-a7b4-79e44077ec92,
1736697817,user_95,donor_view,,e39e37fc-c6a4-44ac-ac2c-740291280970,
1736697847,user_82,donor_view,,0c1f433a-5deb-4063-bda3-5ec4b528d23d,
1736697864,user_76,search,Donors in Oklahoma City who care about cancer research,,,
1736697885,user_42,donor_view,,8d4b4e82-e54a-4a1f-9e72-5f1c767e78fe,
1736697901,user_71,logout,,,
1736697915,user_38,donor_view,,aa9d65ad-0371-45e3-824c-2b3f43a64056,
1736697939,user_43,donor_view,,d965763b-e6e7-4db6-b7b7-147727ebcbb1,
1736697961,user_23,search,Donors named Hugo Schmidt,,,
1736697985,user_70,donor_view,,2c8c9fa7-5182-49d7-8e51-dda9e310dabe,
1736698004,user_60,donor_view,,0aa5e4db-dd64-4ffb-91f6-f83e8b67bb42,
1736698023,user_47,donor_view,,6ceb9d12-53ae-4e1d-af01-cee50942ba79,
1736698054,user_13,export,,,6
1736698066,user_5,donor_view,,381b36f9-517f-401c-993c-6d17e40e6e5b,
1736698092,user_78,donor_view,,2601c84f-ac39-4eaa-bdd3-f2e98d70c461,
1736698109,user_12,donor_view,,5ac101bc-c479-4e4d-9424-7071a0357ce9,
1736698148,user_75,donor_view,,db11879c-2bc9-4bda-8665-d51aea7836dd,
1736698166,user_58,search,Donors in Tucson who care about water security,,,
1736698181,user_13,donor_view,,b9364e45-1878-4c7e-a3dd-0ed5e28e673d,
1736698197,user_13,donor_view,,5138df1d-0403-499f-b124-63bc5e47ea9a,
1736698225,user_28,donor_view,,bad934e3-d7c1-429c-8997-6fa143b7c20a,
1736698239,user_47,donor_view,,a9fcf19e-fb76-4493-9548-fb04a583e7fb,
1736698271,user_38,donor_view,,e4399ab0-8ee4-4234-8c4a-c33f8ee3e1ae,
1736698283,user_89,donor_view,,fd539790-e757-4937-afa7-329ff3b7380a,
1736698312,user_38,search,Donors to Families of Hope Center,,,
1736698323,user_60,donor_view,,aa883fab-5657-49ad-94cf-f409ca9feaf4,
1736698359,user_7,donor_view,,cce7bee0-b1ec-42b8-99c9-277efd8cceb5,
1736698393,user_23,export,,,54
1736698406,user_34,donor_view,,34e6b210-6461-4492-b615-1cde0559ca4e,
1736698424,user_18,donor_view,,271ddc05-763b-4486-8cf2-fae1000d9c74,
1736698451,user_12,donor_view,,bd678078-48d7-4f83-903c-9f7993e243c8,
1736698477,user_12,donor_view,,2e40611b-0d5b-47ad-a5b5-0badabb28f77,
1736698494,user_34,search,Donors named Bert van Dijk,,,
1736698519,user_9,donor_view,,e1c7bc49-c305-4cc5-8b29-ebafc46ed5e6,
1736698548,user_5,donor_view,,6d011355-71ea-423b-8472-cbc3017cfaf7,
1736698576,user_42,donor_view,,f3689236-4dd0-4d77-91e2-f9ccf7362c9c,
1736698583,user_23,login,,,
1736698602,user_78,donor_view,,e5807fb3-e152-47cc-99c2-635960b7288b,
1736698627,user_15,donor_view,,db636803-ce62-436d-9ff6-81835406e19a,
1736698657,user_8,donor_view,,3fe46fc6-0faa-4011-9685-4762406e6455,
1736698684,user_47,search,Donors who give to nonprofits focused on family support,,,
1736698706,user_23,donor_view,,9bdc749d-87cc-41d2-9369-15d4438a2870,
1736698723,user_78,donor_view,,06974db2-2564-4001-9b56-87587ab01e55,
1736698767,user_58,donor_view,,2dfc8224-04a0-423b-bd5d-2e32089b351a,
1736698789,user_58,search,Donors to Mountain Maple Fund,,,
1736698801,user_2,donor_view,,9051fd8c-90f3-48a1-9828-cba2fdc015fa,
1736698823,user_79,export,,,66
1736698839,user_90,donor_view,,c9dba937-26ba-45e1-880a-3e1b93597ad3,
1736698861,user_58,donor_view,,77c39a81-d12d-4938-ba01-5bb2095afb67,
1736698883,user_96,donor_view,,d90845de-8c98-4ad6-bbe8-e36f9ffdfc0e,
1736698907,user_52,donor_view,,6d93889f-8376-4096-9330-9e93f8abb677,
1736698925,user_58,search,Donors in Miami who care about public transportation,,,
1736698964,user_36,donor_view,,e5b8e4cc-d89c-4107-80a0-9ca3246c6c69,
1736698986,user_81,donor_view,,9f224e36-e184-4c68-bec8-5bba07dc8bc8,
1736699017,user_47,donor_view,,77dee4b2-46e5-4d0d-bf8e-8fd7b5b49246,
1736699056,user_78,search,Donors named Fiona Lee,,,
1736699077,user_34,donor_view,,eeb2eae0-7d56-4378-9c70-1376ebf8cfa1,
1736699110,user_47,donor_view,,4bba134c-1add-46c4-ad63-ab9fe90a5594,
1736699122,user_78,search,Donors who give to nonprofits focused on sports for youth,,,
1736699154,user_10,donor_view,,c798ad0a-7242-4350-951f-8711d7b4a843,
1736699188,user_83,login,,,
1736699204,user_50,donor_view,,7d4504f3-c12a-4768-899a-788fd9430b6b,
1736699221,user_23,donor_view,,ecccc5e8-dd60-4328-844d-382d5924ce6c,
1736699238,user_42,export,,,51
1736699254,user_19,donor_view,,ac339a7b-4882-4126-afb0-163623fef475,
1736699276,user_13,search,Donors to Redwood Forest Alliance,,,
1736699297,user_5,donor_view,,bd569ebc-3f13-4ed8-91ac-c3e171b9053e,
1736699329,user_58,donor_view,,295e6418-5b0f-438d-ae95-0219b74c3d55,
1736699348,user_42,donor_view,,c09838ed-ff77-4a55-9239-c7ef0e6b7d9a,
1736699374,user_8,donor_view,,f7dfbe4d-84b3-4ef6-8a9d-0e7e1e4e5473,
1736699398,user_56,search,Donors named Emma Zephyr,,,
1736699413,user_15,donor_view,,6f9bdd23-074a-40bb-b2b2-2a2d4c1c7c83,
1736699432,user_71,donor_view,,e0b16adf-5838-484d-b70c-053282baa5f3,
1736699457,user_63,donor_view,,51aabaea-6e58-40f8-940d-687e44ab0b46,
1736699474,user_28,search,Donors in Kansas City who care about animal shelters,,,
1736699492,user_45,donor_view,,2e2c1c43-4acc-43ea-b9fe-6a2ab2724b18,
1736699509,user_81,donor_view,,e97e2431-8253-4c7e-a301-2702115d627d,
1736699528,user_51,export,,,87
1736699549,user_38,donor_view,,587a6434-95a7-49d6-924a-b67d29556f57,
1736699566,user_79,donor_view,,300dc5a2-88d5-43f3-afe2-b239ab80a244,
1736699591,user_27,donor_view,,943db71f-e418-4438-a8f6-580e352b285f,
1736699612,user_23,donor_view,,3b0ad1e6-46f3-4b9a-b671-51fd11160f56,
1736699624,user_68,donor_view,,98ea384d-2d6b-4295-b5ef-62c647cfdfc6,
1736699648,user_92,donor_view,,5b1f13a2-275b-424f-9c25-30b241587094,
1736699672,user_47,donor_view,,bfafbb98-b654-48a3-a670-dce5f8cffc6b,
1736699699,user_71,search,Donors named Min-ji Oh,,,
1736699719,user_42,donor_view,,bbdc41d9-6769-45f0-acb9-bd5e6b221219,
1736699735,user_28,donor_view,,af3c7d0f-01d2-48ed-91a9-3e458d771554,
1736699758,user_42,login,,,
1736699778,user_23,donor_view,,336f1a58-ff1b-411f-86bc-d58e7b8685bb,
1736699796,user_85,search,Donors to Midwest Community Kitchens,,,
1736699812,user_92,donor_view,,9e173bf9-cedb-4368-b61a-98cd65179409,
1736699830,user_85,donor_view,,3b74ea43-9d88-47c9-b952-883967e636d3,
1736699859,user_8,donor_view,,cf9de088-4952-4117-968a-6b4a16706ccf,
1736699877,user_58,search,Donors who give to nonprofits focused on elder care,,,
1736699895,user_53,donor_view,,dfb6607b-36f4-4e52-8183-166e96b9c1c3,
1736699911,user_12,donor_view,,7b4e4e4d-3b83-4c28-a205-860e5512e8c7,
1736699936,user_5,donor_view,,43013836-ab4e-4c70-93df-e4da5fd7a9c4,
1736699949,user_60,search,Donors to National Trail Partners,,,
1736699968,user_23,donor_view,,2f5a348e-7c26-4fdd-bded-336d9a8ceb3f,
1736699994,user_26,donor_view,,526ecb3c-c7a3-4887-97b3-c9f53e43dd7b,
1736700015,user_42,donor_view,,fd2ac146-2c2e-47f3-b0a2-8aabb7b24145,
1736700035,user_71,donor_view,,84d557ff-574b-4200-b2f3-b9c913a22311,
1736700054,user_13,search,Donors who give to nonprofits focused on cancer,,,
1736700077,user_20,donor_view,,d0aec203-490d-4744-b4ee-4e197ba3f2f7,
1736700092,user_99,donor_view,,e3348084-e017-43f9-8826-c60bb70bfb7f,
1736700104,user_28,logout,,,
1736700123,user_42,donor_view,,81361657-c49b-4069-8426-47731bedd186,
1736700148,user_58,donor_view,,702f9fa3-8b66-456e-98bd-cde6dc1e4cbb,
1736700172,user_63,search,Donors in Providence who care about block-by-block development,,,
1736700185,user_42,donor_view,,3cf89ed9-afd2-44e5-ba14-58445e50ed3b,
1736700218,user_42,donor_view,,ad1a74f2-56f1-4abd-9f50-964a7dae0cbf,
1736700248,user_28,donor_view,,ec7ebc6c-4404-4b43-a42b-e2a28a061a40,
1736700287,user_12,donor_view,,3c9128d6-4197-4183-b8b9-3aaba4101869,
1736700303,user_77,search,Donors named Yvette Fournier,,,
1736700331,user_19,donor_view,,830d9b49-5b3b-4af2-b90e-09b967073f58,
1736700357,user_85,donor_view,,d3f5a584-7bf1-4289-918e-4219beaf3f90,
1736700385,user_10,donor_view,,b1af3ecd-ab67-4609-92be-caded05938a9,
1736700409,user_23,donor_view,,22076ff0-ecd4-451f-a9ba-ad9b4f9de870,
1736700439,user_93,export,,,60
1736700453,user_71,donor_view,,d44e8ed1-7bef-4b81-9a25-f0adaacd2eee,
1736700480,user_19,search,Donors to South Sound Safety Project,,,
1736700502,user_41,donor_view,,35a783ed-8272-4f61-bf29-d27f2ac9bc54,
1736700519,user_13,donor_view,,d59710c6-8986-4c46-b899-1eca543e6cdd,
1736700546,user_85,donor_view,,2b21561e-604a-4f88-8c3c-3168cde06b13,
1736700579,user_13,donor_view,,4aeb6ed1-7e61-46be-99fc-73109233e6ad,
1736700603,user_90,login,,,
1736700630,user_15,donor_view,,426c452b-d76c-4da3-8c92-cbfe96b7766f,
1736700653,user_2,donor_view,,1c3cce5c-22b9-4c2c-81c9-f1cf82032632,
1736700678,user_42,donor_view,,e74c0fd3-6cd2-497c-9d1c-d41c04b3b427,
1736700699,user_23,donor_view,,ffba3b85-76f2-4ca7-bc61-74d7521e98e3,
1736700724,user_2,search,Donors in Little Rock who care about diabetes,,,
1736700744,user_5,donor_view,,cd23fb4b-2ad6-4b8a-9a66-0e62430bdeba,
1736700772,user_52,donor_view,,90df1a4f-ba53-44d7-98d6-0e97af6d2f7d,
1736700788,user_8,donor_view,,52559489-7c09-4b5f-a7ea-fe1bbeedc697,
1736700824,user_42,donor_view,,7a2ccbbf-d0b5-47df-98ec-ffee4dc55638,
1736700847,user_12,donor_view,,37eb7b5e-2ff3-40e3-b607-5361c9b47493,
1736700863,user_23,search,Donors to Rainbow Hope Initiative,,,
1736700885,user_9,donor_view,,d0742e71-c2ea-4519-b0b3-c825a56ab886,
1736700922,user_65,export,,,55
1736700939,user_2,donor_view,,2fe4d252-7278-4eea-a187-ec0b193c01e4,
1736700966,user_60,donor_view,,e8e9637c-5f03-4a0b-835f-043d95bc828d,
1736700982,user_73,search,Donors who give to nonprofits focused on veterans,,,
1736701001,user_60,donor_view,,1e5f704e-9f5b-44b8-bdf8-4b56314b32da,
1736701028,user_58,donor_view,,2f6e9903-0acf-49b6-b207-20e658f14004,
1736701049,user_8,donor_view,,b3c3968e-7a44-4c27-b371-e6da2b06463c,
1736701064,user_13,donor_view,,b069e269-08f6-4e82-87b2-46a3c37caa43,
1736701090,user_28,donor_view,,d4bb4d2a-3941-46ef-86a5-d31d79e03217,
1736701109,user_78,search,Donors named Amina Hassan,,,
1736701126,user_38,donor_view,,6592cc31-e430-4695-bab8-99a2e800d2e0,
1736701159,user_85,login,,,
1736701179,user_58,donor_view,,b4dbfcf5-2e1f-4ae7-87ab-e51ca2ec7be8,
1736701208,user_52,donor_view,,0080c2e3-0b31-4952-a43d-0e8158e518f5,
1736701225,user_12,donor_view,,07bdf1b2-5462-4c64-9d83-9b0586baf92f,
1736701249,user_91,donor_view,,d146e41a-8c87-4ce3-924e-3967e9d8705c,
1736701269,user_19,donor_view,,656aefbe-5d9f-466f-8d0c-8f960ff5b0ed,
1736701290,user_23,search,Donors in Tulsa who care about cancer,,,
1736701307,user_58,donor_view,,ec27fb0a-baf4-4c29-893f-bf22c6d4e963,
1736701324,user_12,donor_view,,4e0c2de3-0662-429d-a0fb-94d55dc26193,
1736701339,user_38,donor_view,,d01d93b2-7c4f-4597-8710-3a57ebe81e75,
1736701362,user_42,donor_view,,0e7c0467-2d74-4eea-9943-cf6d62cf9cf6,
1736701391,user_80,search,Donors named Alexandra Lorentz,,,
1736701416,user_8,donor_view,,1026833a-7dfa-4f97-bc2d-5f73c570af7b,
1736701432,user_12,donor_view,,2ec59256-4224-4caf-a357-9217eb2ca62a,
1736701454,user_42,donor_view,,bbbc42d7-a937-475e-89ef-9b558b060c9d,
1736701474,user_92,donor_view,,8d4f2cf7-2b4d-4006-b93a-4bfd853f2872,
1736701499,user_71,export,,,20
1736701515,user_12,donor_view,,bbd5230d-5b71-4155-9362-d698b7bd01f7,
1736701532,user_52,search,Major donors in Montana,,,
1736701547,user_10,donor_view,,eb5e8b81-cd3b-441c-a08c-bf37c30cfa87,
1736701561,user_97,donor_view,,18462f1d-061c-4599-ad12-959b233ad6bc,
1736701578,user_12,search,Recurring donors to eco-projects in Tulsa,,,
1736701607,user_19,donor_view,,da0633a1-a2c0-42de-b2ea-3511b3e701ec,
1736701624,user_60,donor_view,,354fc0e1-8eb4-4b76-8beb-672c231abb1c,
1736701648,user_12,search,Donors who gave in last quarter,,,
1736701665,user_71,donor_view,,50549da1-8f7b-4371-bd6f-6fcb946d53e6,
1736701693,user_28,donor_view,,54639d2f-31ea-44fd-aa01-fc52ad6f6e84,
1736701716,user_52,search,Healthcare donors in New Orleans,,,
1736701739,user_100,donor_view,,36365305-fb1e-445d-8d18-c97e06534907,
1736701758,user_71,donor_view,,d84f2d89-3199-4dd5-bb55-55c3dd142c33,
1736701772,user_28,donor_view,,0454dc02-c4f4-4725-a15b-42ee6814cc59,
1736701786,user_28,login,,,
1736701807,user_34,export,,,77
1736701822,user_61,donor_view,,f01b63a0-47b1-4658-bb58-97f43bcf6839,
1736701836,user_13,search,Lapsed donors in Little Rock,,,
1736701862,user_47,donor_view,,9c7aebe7-91ae-4d53-b989-487e9fe30a77,
1736701879,user_2,donor_view,,91db8303-0b04-484b-9685-eed22e2e01e3,
1736701897,user_65,donor_view,,0e1def38-377e-4eb1-85e6-c3a1321eaafc,
1736701914,user_52,donor_view,,e2519d6d-42d1-4c89-b6a7-603a2045fbd5,
1736701941,user_15,search,Donors to children's hospitals,,,
1736701969,user_38,login,,,
1736701988,user_78,donor_view,,5c72ac17-1ffe-4b6d-8b67-501b1c203346,
1736702009,user_5,donor_view,,a83e3b8f-6ebc-45b8-8b80-cb83930ed3c2,
1736702034,user_85,donor_view,,a9c1428e-87a4-416a-914b-47a1ed04e62b,
1736702050,user_8,donor_view,,326eb446-3a93-4bc3-b5a2-1687ed4977a6,
1736702067,user_52,donor_view,,f67447da-2c05-45e8-bdd1-25cb71d8f22b,
1736702099,user_58,export,,,99
1736702118,user_19,donor_view,,8edaf256-7e1c-41be-8088-2769e9e683f8,
1736702139,user_12,search,Donors who support veterans in Arkansas,,,
1736702164,user_12,donor_view,,4626590f-93cf-4d8c-8897-826ab5cc4fb3,
1736702179,user_78,donor_view,,9e986d2f-53a1-43d7-80d5-60f23dbdfb21,
1736702210,user_34,donor_view,,a13f7aaa-54cb-4b55-8497-6612949eeba4,
1736702229,user_47,donor_view,,e18ce233-1366-4169-b91e-f6aff5e2f413,
1736702248,user_11,search,All donors who gave in past 90 days,,,
1736702262,user_34,donor_view,,847c072f-02a7-4c02-be03-010919602c21,
1736702285,user_26,login,,,
1736702305,user_34,donor_view,,6b5b4807-1a62-483f-9dd3-013abc34a2fc,
1736702330,user_2,export,,,42
1736702352,user_52,donor_view,,bd3cf60f-226c-4860-a299-22e651f15c9a,
1736702366,user_47,donor_view,,3d3f4c6e-48ef-4bcf-8dce-eb44e20362a2,
1736702392,user_23,search,Recurring donors to animal shelters,,,
1736702416,user_42,donor_view,,138c37f7-75ea-4687-b6c5-c69a922ad8b3,
1736702434,user_5,donor_view,,9684095a-773a-4d2c-bde6-4fe3b1d7db04,
1736702448,user_58,export,,,41
1736702474,user_55,donor_view,,f29ca520-5eb1-408b-9916-e171029e9e48,
1736702494,user_78,donor_view,,69666afd-5030-4c5e-8b22-90a994f27fa3,
1736702515,user_52,search,Donors interested in youth leadership,,,
1736702544,user_47,donor_view,,72e8e81a-b0f6-4eab-8d89-1ee3002ed341,
1736702563,user_38,donor_view,,fba5cabb-9ba6-4eed-8cce-e12fdc7ca1b1,
1736702596,user_85,donor_view,,99526d51-a81e-44db-9681-3bda4762b6fc,
1736702629,user_42,donor_view,,bb5e4b68-9ea3-4839-84fa-843b6fa490e7,
1736702643,user_12,search,New donors - Minneapolis,,,
1736702668,user_78,donor_view,,03ffde67-0f03-4fe6-8325-4c963c6faa79,
1736702685,user_8,donor_view,,07c1d1ca-5feb-4ae3-9ea5-d6bbaffd9197,
1736702714,user_34,donor_view,,af040691-67f9-4d88-84fa-281f584e12ec,
1736702739,user_23,donor_view,,1f1333e7-e204-47f2-b77f-a3fe91bae879,
1736702756,user_15,search,Donors supporting foster care initiatives,,,
1736702770,user_12,donor_view,,61e692b9-c17b-4375-8710-1e556985bffa,
1736702791,user_19,donor_view,,46182c3a-f072-43e7-9787-104129cafaa7,
1736702814,user_61,search,All time largest donors,,,
1736702832,user_13,donor_view,,e0bd4547-6a2c-4264-9a2f-09a3d2cd7f94,
1736702853,user_13,donor_view,,dfb83711-34ee-493f-9699-baf76c7e27d0,
1736702874,user_15,donor_view,,7f1c341d-c988-47e7-bf85-8700fdc4063d,
1736702901,user_8,search,Monthly recurring donors in St Paul,,,
1736702925,user_60,donor_view,,042e3255-9f1a-4165-bd81-f43d0ee979f5,
1736702941,user_78,login,,,
1736702958,user_58,donor_view,,4a89ba69-b963-42c7-b9a6-7420454f6803,
1736702980,user_78,donor_view,,d1aa9157-cc46-4cc1-bf89-43bf1cb7e1e2,
1736703001,user_85,donor_view,,55b10be5-ae86-4666-932c-f36e5e40d991,
1736703024,user_38,export,,,57
1736703042,user_8,donor_view,,faf3b453-ee34-4ac2-98f9-fefcdb2ca6d9,
1736703064,user_34,search,Donors supporting prison reform,,,
1736703080,user_78,donor_view,,d8dcefd8-e682-4e2c-802c-ada57cf7b351,
1736703094,user_65,donor_view,,0b714e7f-824c-480d-83b8-646383e5ae35,
1736703113,user_58,donor_view,,b11608fb-9f9a-4d4d-a3ad-6f2c780b443c,
1736703138,user_5,search,Donors who support refugee families,,,
1736703166,user_34,donor_view,,9529dbfa-7a70-4c5f-a137-b4455a567690,
1736703185,user_8,donor_view,,c7f97e20-e4b2-4293-833d-48989c7eab33,
1736703201,user_65,search,Arkansas animal rescue supporters,,,
1736703219,user_78,login,,,
1736703238,user_5,donor_view,,a5bb381c-de22-461f-8b80-900e8ca324d6,
1736703259,user_78,search,Potential major gift prospects,,,
1736703276,user_38,donor_view,,affc6453-5a01-4a42-ad14-f619727c7871,
1736703291,user_65,donor_view,,1c34418b-69cb-4297-8e77-d524abf056af,
1736703320,user_5,donor_view,,4fd15cf8-7cdf-47e8-8046-99be5d2bfbf0,
1736703335,user_38,search,Donors by city: Tulsa,,,
1736703363,user_17,donor_view,,4e1f188b-c603-47ab-bc85-8d31d865a04d,
1736703382,user_15,donor_view,,d51b67ba-c01b-40e6-8b34-00062f860175,
1736703402,user_58,donor_view,,30c5dbe0-1cbf-4253-8989-b65b3b4cbb9c,
1736703427,user_88,search,Recent donors (last 2 weeks),,,
1736703453,user_15,donor_view,,b6e874c8-e08c-4690-a7a0-6f9d6a0aa184,
1736703467,user_34,login,,,
1736703490,user_38,donor_view,,6f4be597-dc59-4f83-a982-fda3d0942c02,
1736703507,user_5,donor_view,,d8dcd698-d90f-4e9e-9fe8-1044281e2663,
1736703549,user_38,search,Donors who gave above $500,,,
1736703561,user_12,donor_view,,2319fcca-15c3-4d0f-94f2-64996216e42c,
1736703580,user_47,donor_view,,85eed92e-1a8b-4fcb-8660-7bc570995bf9,
1736703611,user_85,donor_view,,680ca9bf-dcd9-4bab-8c1b-1a9f649dfe7a,
1736703637,user_57,donor_view,,40d74e0d-1217-43e5-b4e3-60db5a6fcdf2,
1736703662,user_13,donor_view,,6bed5fc8-51d6-40e8-95b9-63aed3c7d4db,
1736703674,user_54,export,,,63
1736703702,user_68,search,Donors engaged in January 2025,,,
1736703727,user_8,donor_view,,da8f3313-217c-452e-85f3-fb0bbb71abe5,
1736703742,user_47,donor_view,,b01eb7dc-125f-467e-8d20-09343f8cf986,
1736703763,user_38,donor_view,,c2c6e0e6-0d0c-4308-809c-2c5a7726097d,
1736703794,user_88,donor_view,,e2c834ee-86c7-43ea-9bca-8d1886de52d6,
1736703809,user_52,export,,,15
1736703825,user_2,donor_view,,f3838f38-ef6e-426b-9e27-d797be4a1382,
1736703844,user_15,donor_view,,afdfe4b2-8e37-482a-bf1f-1e2bf42092f7,
1736703860,user_59,search,Donors by giving frequency,,,
1736703881,user_82,donor_view,,ac7c1077-828c-4d81-8e04-7327b899b9c7,
1736703913,user_13,donor_view,,589528a8-14f4-4621-ac24-f4e42230c519,
1736703932,user_34,donor_view,,1f91c0ae-5a96-4ba7-8e95-c0962aaca219,
1736703949,user_20,login,,,
1736703975,user_71,donor_view,,fbc03213-9dc3-4fd7-8ec0-320b7d9abeb8,
1736703992,user_88,search,Donors to food security orgs,,,
1736704019,user_38,donor_view,,99bc39d0-894a-47df-b342-7b207b478bc6,
1736704051,user_100,donor_view,,c10599fd-366a-43d6-ba37-e6e5aef91254,
1736704074,user_47,search,Foundations interested in youth mentoring,,,
1736704090,user_15,donor_view,,4dc35b2a-41c6-46e1-82da-489b6d0fc1bf,
1736704118,user_100,export,,,51
1736704139,user_31,donor_view,,c70be1fa-e2d4-48ca-9c6b-670f91b6640d,
1736704153,user_5,login,,,
1736704181,user_23,donor_view,,b68380fc-6f1f-4de5-8433-4da20825f051,
1736704197,user_99,donor_view,,62dafabc-c04d-4466-8a4b-83e8d0a49bab,
1736704219,user_58,search,Repeat donors to diabetes research,,,
1736704248,user_23,donor_view,,52e7f7b7-4030-4870-9ac7-9c43e02688a6,
1736704264,user_60,donor_view,,04ef074c-ef36-488b-b2ea-db9d076de63b,
1736704278,user_35,login,,,
1736704296,user_78,donor_view,,2837e29f-9e7e-410b-a58a-052d484e10a9,
1736704324,user_79,search,Donors in Springfield donating monthly,,,
1736704351,user_47,donor_view,,fb26ebe6-ecca-435e-919a-a826cb7dca89,
1736704372,user_52,donor_view,,dd3fd0b2-06cc-4387-b6e9-5dfe7ddb2771,
1736704390,user_36,export,,,36
1736704408,user_26,donor_view,,755d3d86-06ae-41c2-819c-5c48ca8350be,
1736704434,user_10,search,Donors supporting hurricane relief,,,
1736704453,user_42,donor_view,,21dbbbd7-e851-43f0-a3d9-34bb6eb01cd7,
1736704482,user_12,donor_view,,eb9213d3-498c-43ca-abe0-78fc32a14dae,
1736704506,user_65,export,,,13
1736704532,user_50,donor_view,,beb46d11-e309-44af-bd74-c2ec9e8c273f,
1736704548,user_15,donor_view,,b214729c-72a2-44c4-9403-7652eae66423,
1736704569,user_65,search,Donors with incomplete info,,,
1736704588,user_52,donor_view,,2665feca-1618-4640-a9f2-5df7bd9cfb9f,
1736704614,user_23,donor_view,,fcc294dc-32f9-4c8d-a0ac-095d8d689a8e,
1736704639,user_61,donor_view,,b116dd40-65c1-4be4-b62a-c99f147eaf17,
1736704659,user_72,search,One-time large-scale donors,,,
1736704683,user_65,donor_view,,8836beed-daa3-4702-ac13-3bf366d4e8b0,
1736704699,user_47,donor_view,,455f97d3-b322-40ab-8081-859ea7e9d44a,
1736704719,user_64,export,,,73
1736704742,user_38,donor_view,,7bbff9e1-b74b-4fbf-80c0-3ae4fa978da2,
1736704763,user_57,search,Donors from organizations,,,
1736704775,user_13,donor_view,,db53fc44-4423-431c-96bf-48eea9382204,
1736704796,user_60,donor_view,,ff46f00d-de0f-49fb-bdae-e305c2460be7,
1736704828,user_13,login,,,
1736704853,user_60,donor_view,,7adff5d7-6eba-4b37-8403-f2e93e36339d,
1736704878,user_2,donor_view,,3cdfedfd-cc44-43f6-8c73-2769bff8821c,
1736704897,user_4,export,,,74
1736704920,user_13,donor_view,,449ddc0e-ffb7-4a94-902e-53300539405d,
1736704938,user_85,donor_view,,e0dd21b7-3431-4481-893f-4be9e119bdcd,
1736704956,user_12,search,School lunch donors,,,
1736704981,user_23,donor_view,,7a1d5b36-b88a-41e6-b314-77b91e2dcae1,
1736705009,user_5,search,Donors in Oklahoma under age 35,,,
1736705029,user_85,donor_view,,056ff4fb-cef7-44e2-bab4-29fbb3a5262c,
1736705042,user_12,donor_view,,d90ce2a2-668e-4127-87db-8bd58bb0fb16,
1736705066,user_83,donor_view,,86abcaf0-5107-4e7e-93a4-6a20ffcb0e60,
1736705088,user_2,donor_view,,9c4cb125-29cb-43db-a826-764dca3692ca,
1736705115,user_78,login,,,
1736705141,user_13,donor_view,,459808c4-84bf-4a6a-85a6-4bce14a06425,
1736705159,user_2,export,,,88
1736705177,user_23,donor_view,,95b3ffb0-8387-4178-bc61-75a21e492e3a,
1736705196,user_15,donor_view,,edd3b6ad-b3dc-48c1-bddb-c7f93387b004,
1736705221,user_8,donor_view,,dbeb17b4-a6a1-4a8e-80b3-7607791cb7bd,
1736705237,user_42,search,Arts donors in California,,,
1736705259,user_65,donor_view,,091b8a42-b30f-4937-912c-45a3d0e19885,
1736705281,user_65,donor_view,,a608211b-cf34-4429-8ec6-3a5fe1cb85f2,
1736705306,user_47,donor_view,,5e9a0dfb-9c2a-41a4-98e2-251bf7b278d0,
1736705329,user_9,donor_view,,835a8818-8647-4927-b6e2-2d016e884b53,
1736705355,user_42,donor_view,,3c5ef36d-c367-434f-980c-6d6c2427c32d,
1736705376,user_2,donor_view,,5de401ca-ef6b-4766-80de-84c7e347e09c,
1736705396,user_8,export,,,34
1736705419,user_12,donor_view,,48e38ce5-3e5e-46ff-a97e-0c1e7aa618b4,
1736705441,user_38,donor_view,,976c973a-f501-4963-8bcf-1debda2d98b0,
1736705468,user_42,search,Donors in the last 24 hours,,,
1736705487,user_15,donor_view,,b036c009-2b5d-4b55-ab8b-f7cf82ae193b,
1736705518,user_79,donor_view,,7aef2d63-0b38-4d12-89ee-cf1bf0ccbdec,
1736705533,user_81,login,,,
1736705557,user_13,donor_view,,6d3fdde1-6262-42d7-b35f-25d9101b85f7,
1736705578,user_58,donor_view,,eb35e9d8-d556-4c34-a6b2-370dfebb5f0c,
1736705593,user_19,search,Donors supporting STEM education,,,
1736705618,user_19,donor_view,,9c385562-1fbe-42e5-b1c6-cd88d01b640b,
1736705643,user_55,donor_view,,76c36a61-bb80-4b99-a250-9245c7d6ba46,
1736705659,user_86,donor_view,,439ee3da-9872-4a41-8b4a-09ef1efae957,
1736705671,user_71,search,Donors for animal shelters in South,,,
1736705693,user_5,donor_view,,27bd6979-5bbd-4b54-a5c1-d81e1bd357b6,
1736705712,user_19,donor_view,,fa823ef3-cb4a-41e1-aeca-f5ad68d1569a,
1736705728,user_5,donor_view,,5ebfb782-2023-4164-b8c4-caa79ed329d8,
1736705754,user_57,search,Top 100 recurring donors in Tulsa,,,
1736705773,user_42,donor_view,,06a004d5-348d-4432-9be4-98094bcbaf78,
1736705789,user_47,donor_view,,8e999fc1-fc71-4e45-b0d4-1e6aeb88a762,
1736705810,user_47,donor_view,,669c4206-0db1-4cbe-b2b1-6d4069977728,
1736705839,user_15,search,Donors with 5+ gifts this year,,,
1736705858,user_60,donor_view,,4e12be63-e0e9-4c77-ab93-049bd047e807,
1736705888,user_65,donor_view,,b7ede6d5-8d2b-46cb-9cca-e3d4059658c8,
1736705898,user_8,export,,,30
1736705911,user_8,login,,,
1736705926,user_15,donor_view,,a992444c-db2b-45e0-a132-b759af179fe3,
1736705948,user_38,donor_view,,83c78b74-b596-4877-9978-7876b8e8551d,
1736705966,user_38,donor_view,,856e1698-82ef-4e5b-9a61-f2efdfae49ae,
1736705983,user_34,donor_view,,d0a8ac90-7878-44b0-99d4-b0d93a3818e8,
1736706002,user_52,donor_view,,a3ae8bff-ceb8-4d40-8c7c-ea2bc139edfd,
1736706023,user_58,search,Family foundations donors,,,
1736706052,user_5,donor_view,,825e115e-0dfd-41f8-b39e-bc4443d6b4c5,
1736706068,user_42,donor_view,,6a5f3828-fd81-453b-87a2-2dac7927fea3,
1736706088,user_52,donor_view,,f74a92e1-819e-4e1e-93d7-6d77485b1a8d,
1736706105,user_5,search,Donors participating in campaigns,,,
1736706127,user_47,donor_view,,8fcf977e-24c1-4441-8e37-5ad13c7fe3ab,
1736706155,user_15,donor_view,,a0fa727a-6e35-48b2-bf97-a3c9b3da761b,
1736706181,user_27,donor_view,,19729d5e-dbc9-452d-8ace-977bfdcf4e99,
1736706202,user_75,donor_view,,725706ab-8468-40a2-b865-62cb124c8268,
1736706229,user_8,donor_view,,bc9389ce-1c9d-4ed0-89f8-c301ada0e38c,
1736706244,user_42,search,Matching gift donors,,,
1736706272,user_78,donor_view,,47f0a16d-69dd-4683-82b7-8c1e7af3c5cd,
1736706293,user_13,donor_view,,8a449b92-9f0a-406e-b861-b5417f23aaba,
1736706310,user_42,export,,,39
1736706333,user_8,donor_view,,4dbc7d69-f650-467a-a300-d623ac186734,
1736706364,user_65,login,,,
1736706385,user_38,donor_view,,e654de47-8045-471e-836e-1d09a158f2c5,
1736706404,user_23,donor_view,,41e7fc81-fdbc-4eae-8e99-578a6de770a5,
1736706427,user_6,export,,,21
1736706455,user_60,donor_view,,7bfb4495-fed3-40dc-bb37-6dfa1d2ee25d,
1736706471,user_71,donor_view,,62fff06e-d204-4344-900e-3c2ccccf8d0c,
1736706499,user_28,search,Donors interested in literacy,,,
1736706523,user_19,donor_view,,769c7ec6-ffb8-4c09-8ea5-6c0479d3b837,
1736706542,user_50,donor_view,,251416e3-1976-4605-9400-4e4e5346fd67,
1736706577,user_60,login,,,
1736706594,user_13,donor_view,,a4e7e794-7ddf-44dc-84be-fbe74b25e78b,
1736706641,user_76,search,Donors with >10 donations,,,
1736706667,user_58,donor_view,,e0b0aeef-5bdd-4954-bceb-411eb64c325d,
1736706679,user_55,export,,,48
1736706697,user_8,donor_view,,f60d480c-f36f-465c-bc6c-cf6902a6c1a2,
1736706714,user_34,donor_view,,a63e2e4b-134c-4367-821b-7b2cd6e4db9b,
1736706737,user_30,search,Donors with lapsed pledges,,,
1736706756,user_15,donor_view,,04cf2704-3552-4613-bd90-25a2cb3f801d,
1736706779,user_65,donor_view,,b7b22205-c1ae-4713-a8c2-23189cfbdaef,
1736706803,user_19,donor_view,,99421090-bffa-43d5-8e1b-8d5981fc3cbc,
1736706832,user_23,search,Donors who responded to fall campaign,,,
1736706855,user_2,donor_view,,cbdc986c-40e1-4eae-80ab-656545e2197d,
1736706872,user_78,donor_view,,9c3b65e7-968e-420c-b2cc-f6e717daadc1,
1736706885,user_71,donor_view,,0d0bb9e8-b7b2-4ce6-b002-696706332fd6,
1736706907,user_8,export,,,83
1736706928,user_47,donor_view,,e9116af6-c1a3-4fec-96fb-567632786d46,
1736706949,user_81,donor_view,,b1cfdc83-18d9-4655-9dc0-9f05731f3e90,
1736706981,user_52,search,Donors who gave on Giving Tuesday,,,
1736707006,user_16,donor_view,,0e7e8c08-c280-4479-97e1-5f5d8c401e77,
1736707040,user_38,donor_view,,a2ca937c-e42d-4319-8245-6bf21a7b1835,
1736707057,user_58,search,Donors in Midwest,,,
1736707075,user_65,donor_view,,2ad2c193-5d3c-456b-a975-ef4f9d95b8e9,
1736707088,user_71,login,,,
1736707109,user_15,donor_view,,8f833552-fea0-4133-b43d-7a2efa344777,
1736707133,user_13,donor_view,,3318ca96-6839-4809-8573-cd2831499b75,
1736707156,user_5,donor_view,,e4c661c5-90bb-4f16-a21a-b1604bb8add1,
1736707179,user_87,donor_view,,75e84b85-e2f6-4c4b-a6bf-c654451f27b0,
1736707198,user_15,search,Donors who gave via DAF,,,
1736707227,user_23,donor_view,,b2371dd8-8be8-424b-90e9-dd173e2b3aad,
1736707259,user_65,donor_view,,8b4375f9-f544-4344-9a99-c1785a676155,
1736707278,user_17,donor_view,,164e09d5-22d6-4ea1-aa0a-89fbbcb31592,
1736707293,user_71,donor_view,,382b59a3-614d-495e-8e19-6bd0d7d47eb5,
1736707306,user_34,export,,,66
1736707323,user_8,search,Donors responding to gala invitation,,,
1736707352,user_15,donor_view,,4133ff8b-29ea-4bde-a723-59f39d278832,
1736707381,user_78,donor_view,,28698a24-44ab-4cc6-9b7b-8900ba71554c,
1736707405,user_85,donor_view,,5cd72c1a-6e6f-41ef-805d-7ce0e9402e24,
1736707421,user_85,search,Donors with email opt-in,,,
1736707453,user_78,donor_view,,e686f56b-d9db-4c6a-8a23-9beea5f1945d,
1736707481,user_2,donor_view,,d1772c7e-7663-419b-b02e-b956136be6d7,
1736707505,user_78,donor_view,,b8b54bd1-c495-44e3-b74e-8d8d23e18a1d,
1736707532,user_19,export,,,31
1736707563,user_52,donor_view,,5189b8f6-4869-4638-bcce-d2c56088953c,
1736707577,user_2,donor_view,,d7c962fc-4c62-43ac-80ee-32505ce4fcd4,
1736707599,user_71,login,,,
1736707617,user_34,donor_view,,064078e2-4404-476b-8498-87f4e41ae543,
1736707651,user_47,search,Donors with phone numbers available,,,
1736707677,user_8,donor_view,,59715762-6e34-44c2-9add-96392cebe935,
1736707708,user_15,donor_view,,1bf46f04-1b31-43e8-9945-edb49f24b3b2,
1736707737,user_60,donor_view,,54a3fd0c-9d52-4095-8d37-142c6912228f,
1736707752,user_38,donor_view,,b2a094cd-c9f1-4040-80e5-c40e59c57ad1,
1736707775,user_38,donor_view,,cc7bcfc1-92d8-4a27-b18d-91f89839754f,
1736707789,user_55,search,Donors in Texas supporting the arts,,,
1736707807,user_42,donor_view,,4f9225d7-76a1-4f07-b6c4-bc4e7ce49484,
1736707829,user_25,donor_view,,a31a89e4-de80-4f82-b833-cbf373b415ca,
1736707854,user_65,export,,,80
1736707868,user_38,donor_view,,09b35b75-cf07-4a21-b6cf-6995744a6068,
1736707891,user_12,search,Donors from nonprofit board members,,,
1736707905,user_23,login,,,
1736707921,user_5,donor_view,,b681c70a-7ea6-4cdb-b6ac-61d90489647d,
1736707940,user_47,donor_view,,e51fdc9f-4b19-47aa-a0e3-af80b197f4c9,
1736707959,user_72,donor_view,,3bb21643-3c57-473e-8409-19f21e7ad663,
1736707981,user_15,donor_view,,3085b595-99f6-4bdc-a7e3-7d53acb0b258,
1736708004,user_94,search,Donors in Canada,,,
1736708021,user_19,donor_view,,a56ebfed-37e9-4ec2-a52f-6fda0481843a,
1736708053,user_60,donor_view,,2906b446-2ee4-4450-86e5-6deeee38bee7,
1736708067,user_79,export,,,43
1736708076,user_34,donor_view,,cdfa4a5d-b54a-4ca3-a0f5-5cc6e091ef72,
1736708097,user_8,donor_view,,9cfb6cc6-8956-4874-b43f-df44a21de7ac,
1736708116,user_84,search,Donors of color,,,
1736708138,user_23,donor_view,,3bf93510-16b9-4d38-a308-c66db57f6d7d,
1736708167,user_42,donor_view,,3b6a49bf-492d-45d2-9221-38cf801157e4,
1736708183,user_34,login,,,
1736708199,user_60,donor_view,,2366367f-1af3-4638-8a42-4e920c47a178,
1736708221,user_2,donor_view,,8876061b-0aee-4b5e-86ab-8e84e0ad97d8,
1736708235,user_74,search,Individual donors M-F only,,,
1736708261,user_28,donor_view,,804264a3-c32f-4953-9ade-62d7a06d7ae2,
1736708279,user_47,donor_view,,e0580622-bc85-4e16-b32e-9aedd2703d04,
1736708297,user_47,donor_view,,aeab38ab-cdc7-484f-b7a9-2174e59909ce,
1736708325,user_71,search,Donors by gift size over $1k,,,
1736708356,user_71,donor_view,,e2a2239c-087f-47fe-803d-cd7643546748,
1736708372,user_47,donor_view,,ca5fa3db-613e-4cdf-a180-00f984cfb6b4,
1736708390,user_71,donor_view,,5c54beaa-7b6b-4cb4-98c3-917df38c8b83,
1736708405,user_85,export,,,92
1736708422,user_12,donor_view,,a2e571a9-9d6e-489a-9aee-eeab5f6684c0,
1736708445,user_12,search,Never exported but searched,,,
1736708466,user_38,donor_view,,f4eec818-250e-4a20-afbf-0b3c643e5e22,
1736708479,user_42,donor_view,,856f15d9-0672-4cdd-9aa2-ad7b6daf8ceb,
1736708507,user_19,donor_view,,e0a93787-dfd7-44a1-a7f3-281202f37fed,
1736708529,user_47,login,,,
1736708542,user_5,donor_view,,3d124ef6-8747-4eeb-b557-75ae9d2b7b7e,
1736708562,user_38,export,,,62
1736708578,user_87,donor_view,,0705bee7-1187-4f6f-a3f2-10c917ac7c1b,
1736708608,user_85,donor_view,,a92e6397-8cd4-405d-ad9d-0b3837ff36f5,
1736708629,user_26,donor_view,,2d18a22e-9917-4ec9-9456-9b44ee0e06d7,
1736708653,user_85,donor_view,,0f60a007-79e6-43f7-a983-63cbdac2ae22,
1736708668,user_47,search,Donors in Kansas with recurring giving,,,
1736708691,user_53,donor_view,,fb37e611-a860-4d18-98de-cf75f814c35f,
1736708706,user_65,donor_view,,e0ff170f-af4f-48fa-bad9-67ea471da45f,
1736708722,user_89,donor_view,,38c6f1e2-5bfa-4a52-84ba-75a3d8344bcd,
1736708735,user_78,donor_view,,17bdc737-8fd3-4739-b180-b2a68d7d746c,
1736708759,user_2,search,Donors who never logged in,,,
1736708775,user_12,donor_view,,2dd4b18f-2b1c-47da-ae5a-cc7f79c6c905,
1736708794,user_95,donor_view,,3b5916ca-16cf-4f12-8913-df5f0739ba01,
1736708817,user_2,export,,,14
1736708842,user_28,donor_view,,2854b9a7-131b-42b5-8925-febe1ef2e43b,
1736708855,user_95,donor_view,,4761471b-4531-48cb-8e3c-341661f247c0,
1736708881,user_5,donor_view,,f6ee7704-768f-4a00-8cbc-ed35a4e71079,
1736708908,user_15,search,Small donors only,,,
1736708934,user_85,donor_view,,fdcb546b-bc18-4e07-82da-e6b53167d02a,
1736708955,user_47,donor_view,,83073d95-b84b-4e33-8931-1f5f62b8f6c0,
1736708972,user_23,donor_view,,307e6a30-53ad-4c11-934e-c5c1c58d326f,
1736708994,user_12,login,,,
1736709008,user_58,donor_view,,b7859ab2-8c7f-4d18-8fcf-749f016a6ce4,
1736709034,user_13,donor_view,,826ee8a1-1da1-4d7c-9bd3-6f2ad7dde814,
1736709047,user_19,donor_view,,468f575a-ec44-4bb0-81df-65a0360f12cb,
1736709074,user_85,search,Donors by first gift date,,,
1736709093,user_11,donor_view,,d9f73b3f-c1fb-410e-83d7-44ca1df8aaa5,
1736709120,user_65,donor_view,,02bfa4b8-340f-41d4-b033-d04848f63f00,
1736709139,user_38,search,Donors from universities,,,
1736709161,user_81,donor_view,,0de05ed7-234f-4bc1-b485-4b6c16c10514,
1736709178,user_38,donor_view,,0b5c4e00-3f41-4eda-b543-5ca214c8beb5,
1736709201,user_77,donor_view,,0386b064-1a8c-4c01-8ff9-dc06f4d74b2f,
1736709223,user_59,donor_view,,92a02156-51c0-43d2-8fb8-ea8406b235ea,
1736709235,user_28,export,,,13
1736709258,user_19,donor_view,,7cbbabe1-59ff-4bc2-8726-2bac16160c41,
1736709284,user_49,login,,,
1736709306,user_23,search,Donors who gave many small gifts,,,
1736709331,user_53,donor_view,,27b396d8-916d-48cf-af47-ad6ba7e4a9dc,
1736709347,user_19,donor_view,,8da9062e-c526-46ac-837e-e77e31c13f28,
1736709377,user_60,donor_view,,dcb5d0d6-b321-49c9-8c24-794c88bdc30d,
1736709398,user_42,donor_view,,d5ba4d68-c517-4a37-a883-431a7f7f68c9,
1736709421,user_28,donor_view,,ea6af327-95c1-4595-8ba2-3e41d81f94f0,
1736709461,user_78,login,,,
1736709480,user_47,donor_view,,b2d0698c-88ff-4a1e-b8d2-8dbbfb594fd0,
1736709498,user_68,donor_view,,2a1dc6a7-7a0a-454b-a53c-01e7f99dd95c,
1736709524,user_27,donor_view,,94eaf984-351f-41f2-ba81-dd1b112fb6ac,
1736709545,user_34,export,,,56
1736709559,user_17,search,Donors by state,,,
1736709573,user_58,donor_view,,9fa47f98-03fa-4cbb-bfa2-1b646f4196db,
1736709596,user_60,donor_view,,10b6671f-2ee1-4b76-9237-83097fa6f242,
1736709617,user_71,search,First-time donors in Texas,,,
1736709635,user_71,donor_view,,253b2f66-69fa-4467-930f-ae394c6b31ba,
1736709653,user_13,donor_view,,260d010a-4ff9-4847-946e-cde793266c07,
1736709669,user_78,donor_view,,a069d2b9-b30d-4653-bbdf-524022e7e3e5,
1736709685,user_5,donor_view,,a99138f5-3d65-4ad2-9d1d-9c2fbf3ac402,
1736709702,user_65,search,Donors in the last 30 days,,,
1736709729,user_23,donor_view,,ccebccca-3ec9-452f-9fdc-4542750e9b8c,
1736709751,user_52,donor_view,,cf25dc8d-96db-4d1c-b0c6-c0434c1bfcdf,
1736709774,user_60,export,,,27
1736709787,user_13,donor_view,,4a9433c6-608c-4b42-8f1e-b67365a16932,
1736709806,user_71,donor_view,,941727c6-b372-4a22-b04b-c9e0fdddd967,
1736709839,user_30,search,Donors supporting primary education,,,
1736709864,user_60,donor_view,,b93bbf2b-f5ea-4dfd-9fde-3012ab171cb3,
1736709889,user_19,donor_view,,92211897-18bb-415b-b917-35d9db9ad30a,
1736709913,user_34,donor_view,,e31dce04-c537-4901-877f-5ffe4b4c8180,
1736709928,user_5,login,,,
1736709955,user_18,donor_view,,06bfebed-fc8e-43c1-82e3-ecb182803747,
1736709978,user_23,donor_view,,65df599f-3423-42ab-9d2e-38e7005bb666,
1736710001,user_5,search,Donors from Central Arkansas,,,
1736710022,user_32,donor_view,,29072083-4bd1-45cc-8437-6f139e6fd275,
1736710037,user_15,donor_view,,2f39ca9c-aa82-4e91-8a98-1174ec682f14,
1736710050,user_7,donor_view,,1b425e42-8a5e-4b2a-8882-fdff81f3706e,
1736710077,user_68,export,,,59
1736710095,user_15,donor_view,,ce8a5d90-ea09-45f5-9150-972e6174dab5,
1736710119,user_51,donor_view,,c5b0183f-5afd-45ce-80fe-33f885cb834c,
1736710135,user_3,search,Anonymous repeat donors,,,
1736710148,user_85,donor_view,,3e468ad5-640b-498b-92ba-e6c12b09d182,
1736710165,user_38,donor_view,,2cd25943-a9e1-4b31-bab7-ced860082b38,
1736710184,user_71,donor_view,,b76b4b18-3cf3-47ad-9010-ff1e84a55d22,
1736710214,user_13,search,Top engaged donors,,,
1736710235,user_79,login,,,
1736710266,user_12,donor_view,,8256492e-70d2-4a7a-a45e-9dbdd3aba5d6,
1736710289,user_58,donor_view,,062b9dc5-4047-480c-b225-d3e4a274899f,
1736710308,user_15,export,,,38
1736710324,user_38,donor_view,,ba5cd898-4b30-483b-a31e-36aaadfdeca3,
1736710346,user_78,donor_view,,60ba821e-b6b5-4200-974d-bfaeb374fa19,
1736710379,user_19,donor_view,,76c45d58-58bc-4287-9857-cbdbb90e46e5,
1736710401,user_47,donor_view,,beed7ebc-8b05-4f74-9a3d-2470972b4deb,
1736710424,user_86,search,Donors giving to at least three orgs,,,
1736710437,user_47,donor_view,,ad1ad186-fd92-4bf2-b616-193f59be37a9,
1736710454,user_15,donor_view,,f8f949f4-4b67-4a93-9fcd-3cc894cab648,
1736710481,user_81,donor_view,,ac0ce08f-c499-4468-a80d-ed01a724b65b,
1736710506,user_23,export,,,16
1736710528,user_47,donor_view,,c38e8203-d211-4625-b8a3-042b61541c09,
1736710544,user_28,donor_view,,dfa12a5b-227b-4e97-9ed7-618c8e7cda2c,
1736710562,user_53,search,Donors supporting health clinics,,,
1736710589,user_78,donor_view,,849dc3e1-6005-4f51-9c76-bce62ecc7208,
1736710607,user_42,login,,,
1736710618,user_5,donor_view,,e34a1b5e-c413-4131-bbaf-9f36edc19c2d,
1736710639,user_58,donor_view,,2185dbdb-0eb3-4a1a-954a-9e4bf0a12734,
1736710669,user_47,donor_view,,efabbe1d-01ea-4181-b957-e4666fe15952,
1736710684,user_34,search,Donors not contacted in 2+ years,,,
1736710699,user_34,donor_view,,e8d4a5b9-69b3-413c-9f07-0afecfae8132,
1736710737,user_23,donor_view,,be7dd09c-8382-480c-aeb6-b671f073f3cb,
1736710752,user_13,donor_view,,ffb8fa01-899c-433a-8adb-d39788552df8,
1736710777,user_58,login,,,
1736710801,user_85,search,Donors known via social media,,,
1736710824,user_71,donor_view,,4fea9fa0-1e8e-4dbd-b960-f21eb84788fb,
1736710847,user_89,donor_view,,0fdc4b12-6cff-4939-8321-1f124c1ec481,
1736710875,user_39,donor_view,,72f0895a-e393-465d-990f-401313a9e571,
1736710896,user_85,search,Largest single gifts,,,
1736710909,user_17,donor_view,,bdaacbc8-9420-4b9e-b7f4-bb6c034d2593,
1736710923,user_65,donor_view,,7654ed8d-479a-429a-ab8b-29c5f88edfa3,
1736710948,user_8,donor_view,,8ff39598-0c47-47f3-9776-bfe9bbd35284,
1736710969,user_22,donor_view,,83f20698-cae9-4213-bc3c-86d95e5138de,
1736710990,user_71,donor_view,,d0c2a941-be1b-4d88-8a6a-adaa8e2b780b,
1736711012,user_36,search,Donors who attended event,,,
1736711038,user_13,donor_view,,a463d327-c823-4daa-860b-53c1f994dc09,
1736711052,user_65,donor_view,,4beea2a1-9be4-4e95-85e9-4f7382ea5d35,
1736711071,user_19,export,,,25
1736711096,user_60,donor_view,,24e31e39-5cd1-4d5d-9e25-1554f83bbc7c,
1736711122,user_65,donor_view,,3e80f4f0-6a2f-481a-b028-599c9373ef4b,
1736711137,user_5,login,,,
1736711156,user_65,donor_view,,3616ef17-7032-472f-afcd-3c385e983434,
1736711170,user_78,donor_view,,0a7f9c97-f681-49ee-bbc0-1535f28482ee,
1736711189,user_58,donor_view,,901e0289-dc8f-4b4a-b43b-7b67de2462cf,
1736711214,user_34,search,Youngest donors,,,
1736711227,user_47,donor_view,,e0db8512-9cd6-411c-aa53-326eaf77a364,
1736711257,user_2,donor_view,,22f94ae0-69c7-4c0a-ae0d-5b1abff8d0d2,
1736711275,user_78,search,Donors with more than one login,,,
1736711297,user_52,donor_view,,a8b5e7fc-81a2-4783-848e-77da974f7ee6,
1736711311,user_8,donor_view,,61a5ebd3-70aa-4aad-817b-a42d93535b5b,
1736711334,user_5,donor_view,,b8a6b6d0-4f1d-43ad-bad6-65a4aebdc57c,
1736711347,user_14,search,Donors who only viewed,,,
1736711363,user_80,donor_view,,66443e25-3ecd-4269-b26f-6d19a06ca3a2,
1736711378,user_52,donor_view,,84e72d13-8a7c-4910-bbbd-82b231798d1b,
1736711399,user_13,export,,,76
1736711417,user_52,donor_view,,c7b782bc-3bbb-450c-8a56-59b3eac7d6e0,
1736711433,user_47,search,Senior citizen donors,,,
1736711456,user_47,donor_view,,e5b56f3f-be93-428a-b190-c3e892656e1e,
1736711479,user_71,donor_view,,74c0b7b3-64fa-4fd6-9145-ef6da572db10,
1736711517,user_42,donor_view,,ba0a7f99-9c24-443e-9177-024f201629f3,
1736711534,user_71,search,Donors by age,,,
1736711561,user_13,donor_view,,bc370248-393a-4f28-83ca-7d316b93fefa,
1736711581,user_23,donor_view,,095c0e90-4ca5-474c-96c8-cec66c34e5d5,
1736711606,user_4,donor_view,,19153732-495e-4da7-8815-2e3d8b359ca9,
1736711627,user_79,login,,,
1736711644,user_71,donor_view,,86e20b94-4eb5-41ca-80cc-41e23920172d,
1736711662,user_47,donor_view,,8c2caf6e-af4f-4cdf-9f19-723e1533546d,
1736711675,user_44,donor_view,,71e3b986-9d86-4ff4-aea1-8d7335b57776,
1736711699,user_13,donor_view,,f5edaab6-9e93-4ba2-940c-c0888d47911e,
